end_date,filename,start_date
2019-02-02,L20190272019033.L3m_7D_CYAN_CI_cyano_CYAN_CONUS_300m_merged.tif,2019-01-27
2008-09-13,M20082512008257.L3m_7D_CYAN_CI_cyano_CYAN_CONUS_300m_merged.tif,2008-09-07
2022-12-31,L20223592022365.L3m_7D_CYAN_CI_cyano_CYAN_CONUS_300m_merged.tif,2022-12-25
2011-04-23,M20111072011113.L3m_7D_CYAN_CI_cyano_CYAN_CONUS_300m_merged.tif,2011-04-17
2022-09-17,L20222542022260.L3m_7D_CYAN_CI_cyano_CYAN_CONUS_300m_merged.tif,2022-09-11
2020-04-18,L20201032020109.L3m_7D_CYAN_CI_cyano_CYAN_CONUS_300m_merged.tif,2020-04-12
2017-02-04,L20170292017035.L3m_7D_CYAN_CI_cyano_CYAN_CONUS_300m_merged.tif,2017-01-29
2008-05-31,M20081462008152.L3m_7D_CYAN_CI_cyano_CYAN_CONUS_300m_merged.tif,2008-05-25
2022-07-23,L20221982022204.L3m_7D_CYAN_CI_cyano_CYAN_CONUS_300m_merged.tif,2022-07-17
2022-01-22,L20220162022022.L3m_7D_CYAN_CI_cyano_CYAN_CONUS_300m_merged.tif,2022-01-16
2010-07-24,M20101992010205.L3m_7D_CYAN_CI_cyano_CYAN_CONUS_300m_merged.tif,2010-07-18
2012-03-17,M20120712012077.L3m_7D_CYAN_CI_cyano_CYAN_CONUS_300m_merged.tif,2012-03-11
2019-11-09,L20193072019313.L3m_7D_CYAN_CI_cyano_CYAN_CONUS_300m_merged.tif,2019-11-03
2011-08-06,M20112122011218.L3m_7D_CYAN_CI_cyano_CYAN_CONUS_300m_merged.tif,2011-07-31
2008-06-21,M20081672008173.L3m_7D_CYAN_CI_cyano_CYAN_CONUS_300m_merged.tif,2008-06-15
2024-05-18,L20241332024139.L3m_7D_CYAN_CI_cyano_CYAN_CONUS_300m_merged.tif,2024-05-12
2019-02-16,L20190412019047.L3m_7D_CYAN_CI_cyano_CYAN_CONUS_300m_merged.tif,2019-02-10
2021-01-23,L20210172021023.L3m_7D_CYAN_CI_cyano_CYAN_CONUS_300m_merged.tif,2021-01-17
2016-06-18,L20161642016170.L3m_7D_CYAN_CI_cyano_CYAN_CONUS_300m_merged.tif,2016-06-12
2019-11-16,L20193142019320.L3m_7D_CYAN_CI_cyano_CYAN_CONUS_300m_merged.tif,2019-11-10
2021-02-06,L20210312021037.L3m_7D_CYAN_CI_cyano_CYAN_CONUS_300m_merged.tif,2021-01-31
2012-03-31,M20120852012091.L3m_7D_CYAN_CI_cyano_CYAN_CONUS_300m_merged.tif,2012-03-25
2008-11-22,M20083212008327.L3m_7D_CYAN_CI_cyano_CYAN_CONUS_300m_merged.tif,2008-11-16
2017-04-08,L20170922017098.L3m_7D_CYAN_CI_cyano_CYAN_CONUS_300m_merged.tif,2017-04-02
2008-10-04,M20082722008278.L3m_7D_CYAN_CI_cyano_CYAN_CONUS_300m_merged.tif,2008-09-28
2008-06-07,M20081532008159.L3m_7D_CYAN_CI_cyano_CYAN_CONUS_300m_merged.tif,2008-06-01
2017-05-13,L20171272017133.L3m_7D_CYAN_CI_cyano_CYAN_CONUS_300m_merged.tif,2017-05-07
2010-06-12,M20101572010163.L3m_7D_CYAN_CI_cyano_CYAN_CONUS_300m_merged.tif,2010-06-06
2021-02-27,L20210522021058.L3m_7D_CYAN_CI_cyano_CYAN_CONUS_300m_merged.tif,2021-02-21
2011-12-17,M20113452011351.L3m_7D_CYAN_CI_cyano_CYAN_CONUS_300m_merged.tif,2011-12-11
2023-03-25,L20230782023084.L3m_7D_CYAN_CI_cyano_CYAN_CONUS_300m_merged.tif,2023-03-19
2017-10-28,L20172952017301.L3m_7D_CYAN_CI_cyano_CYAN_CONUS_300m_merged.tif,2017-10-22
2020-11-21,L20203202020326.L3m_7D_CYAN_CI_cyano_CYAN_CONUS_300m_merged.tif,2020-11-15
2018-11-24,L20183222018328.L3m_7D_CYAN_CI_cyano_CYAN_CONUS_300m_merged.tif,2018-11-18
2022-10-08,L20222752022281.L3m_7D_CYAN_CI_cyano_CYAN_CONUS_300m_merged.tif,2022-10-02
2021-08-28,L20212342021240.L3m_7D_CYAN_CI_cyano_CYAN_CONUS_300m_merged.tif,2021-08-22
2017-11-18,L20173162017322.L3m_7D_CYAN_CI_cyano_CYAN_CONUS_300m_merged.tif,2017-11-12
2024-07-27,L20242032024209.L3m_7D_CYAN_CI_cyano_CYAN_CONUS_300m_merged.tif,2024-07-21
2022-10-15,L20222822022288.L3m_7D_CYAN_CI_cyano_CYAN_CONUS_300m_merged.tif,2022-10-09
2021-02-13,L20210382021044.L3m_7D_CYAN_CI_cyano_CYAN_CONUS_300m_merged.tif,2021-02-07
2017-03-18,L20170712017077.L3m_7D_CYAN_CI_cyano_CYAN_CONUS_300m_merged.tif,2017-03-12
2024-10-12,L20242802024286.L3m_7D_CYAN_CI_cyano_CYAN_CONUS_300m_merged.tif,2024-10-06
2018-12-29,L20183572018363.L3m_7D_CYAN_CI_cyano_CYAN_CONUS_300m_merged.tif,2018-12-23
2023-05-20,L20231342023140.L3m_7D_CYAN_CI_cyano_CYAN_CONUS_300m_merged.tif,2023-05-14
2019-02-09,L20190342019040.L3m_7D_CYAN_CI_cyano_CYAN_CONUS_300m_merged.tif,2019-02-03
2022-07-16,L20221912022197.L3m_7D_CYAN_CI_cyano_CYAN_CONUS_300m_merged.tif,2022-07-10
2009-12-26,M20093542009360.L3m_7D_CYAN_CI_cyano_CYAN_CONUS_300m_merged.tif,2009-12-20
2008-03-08,M20080622008068.L3m_7D_CYAN_CI_cyano_CYAN_CONUS_300m_merged.tif,2008-03-02
2009-03-14,M20090672009073.L3m_7D_CYAN_CI_cyano_CYAN_CONUS_300m_merged.tif,2009-03-08
2017-02-18,L20170432017049.L3m_7D_CYAN_CI_cyano_CYAN_CONUS_300m_merged.tif,2017-02-12
2022-09-03,L20222402022246.L3m_7D_CYAN_CI_cyano_CYAN_CONUS_300m_merged.tif,2022-08-28
2019-09-07,L20192442019250.L3m_7D_CYAN_CI_cyano_CYAN_CONUS_300m_merged.tif,2019-09-01
2024-10-26,L20242942024300.L3m_7D_CYAN_CI_cyano_CYAN_CONUS_300m_merged.tif,2024-10-20
2009-02-28,M20090532009059.L3m_7D_CYAN_CI_cyano_CYAN_CONUS_300m_merged.tif,2009-02-22
2021-03-20,L20210732021079.L3m_7D_CYAN_CI_cyano_CYAN_CONUS_300m_merged.tif,2021-03-14
2019-06-22,L20191672019173.L3m_7D_CYAN_CI_cyano_CYAN_CONUS_300m_merged.tif,2019-06-16
2018-04-14,L20180982018104.L3m_7D_CYAN_CI_cyano_CYAN_CONUS_300m_merged.tif,2018-04-08
2019-06-01,L20191462019152.L3m_7D_CYAN_CI_cyano_CYAN_CONUS_300m_merged.tif,2019-05-26
2024-07-13,L20241892024195.L3m_7D_CYAN_CI_cyano_CYAN_CONUS_300m_merged.tif,2024-07-07
2010-07-31,M20102062010212.L3m_7D_CYAN_CI_cyano_CYAN_CONUS_300m_merged.tif,2010-07-25
2022-10-22,L20222892022295.L3m_7D_CYAN_CI_cyano_CYAN_CONUS_300m_merged.tif,2022-10-16
2024-01-13,L20240072024013.L3m_7D_CYAN_CI_cyano_CYAN_CONUS_300m_merged.tif,2024-01-07
2016-04-30,L20161152016121.L3m_7D_CYAN_CI_cyano_CYAN_CONUS_300m_merged.tif,2016-04-24
2019-08-03,L20192092019215.L3m_7D_CYAN_CI_cyano_CYAN_CONUS_300m_merged.tif,2019-07-28
2021-12-18,L20213462021352.L3m_7D_CYAN_CI_cyano_CYAN_CONUS_300m_merged.tif,2021-12-12
2018-07-07,L20181822018188.L3m_7D_CYAN_CI_cyano_CYAN_CONUS_300m_merged.tif,2018-07-01
2011-04-30,M20111142011120.L3m_7D_CYAN_CI_cyano_CYAN_CONUS_300m_merged.tif,2011-04-24
2019-08-10,L20192162019222.L3m_7D_CYAN_CI_cyano_CYAN_CONUS_300m_merged.tif,2019-08-04
2023-11-25,L20233232023329.L3m_7D_CYAN_CI_cyano_CYAN_CONUS_300m_merged.tif,2023-11-19
2009-05-23,M20091372009143.L3m_7D_CYAN_CI_cyano_CYAN_CONUS_300m_merged.tif,2009-05-17
2009-08-29,M20092352009241.L3m_7D_CYAN_CI_cyano_CYAN_CONUS_300m_merged.tif,2009-08-23
2020-02-29,L20200542020060.L3m_7D_CYAN_CI_cyano_CYAN_CONUS_300m_merged.tif,2020-02-23
2019-03-23,L20190762019082.L3m_7D_CYAN_CI_cyano_CYAN_CONUS_300m_merged.tif,2019-03-17
2009-09-26,M20092632009269.L3m_7D_CYAN_CI_cyano_CYAN_CONUS_300m_merged.tif,2009-09-20
2010-05-22,M20101362010142.L3m_7D_CYAN_CI_cyano_CYAN_CONUS_300m_merged.tif,2010-05-16
2024-10-05,L20242732024279.L3m_7D_CYAN_CI_cyano_CYAN_CONUS_300m_merged.tif,2024-09-29
2017-08-12,L20172182017224.L3m_7D_CYAN_CI_cyano_CYAN_CONUS_300m_merged.tif,2017-08-06
2022-12-17,L20223452022351.L3m_7D_CYAN_CI_cyano_CYAN_CONUS_300m_merged.tif,2022-12-11
2009-11-07,M20093052009311.L3m_7D_CYAN_CI_cyano_CYAN_CONUS_300m_merged.tif,2009-11-01
2018-07-28,L20182032018209.L3m_7D_CYAN_CI_cyano_CYAN_CONUS_300m_merged.tif,2018-07-22
2023-06-24,L20231692023175.L3m_7D_CYAN_CI_cyano_CYAN_CONUS_300m_merged.tif,2023-06-18
2022-10-01,L20222682022274.L3m_7D_CYAN_CI_cyano_CYAN_CONUS_300m_merged.tif,2022-09-25
2021-04-03,L20210872021093.L3m_7D_CYAN_CI_cyano_CYAN_CONUS_300m_merged.tif,2021-03-28
2009-08-01,M20092072009213.L3m_7D_CYAN_CI_cyano_CYAN_CONUS_300m_merged.tif,2009-07-26
2017-09-09,L20172462017252.L3m_7D_CYAN_CI_cyano_CYAN_CONUS_300m_merged.tif,2017-09-03
2021-08-07,L20212132021219.L3m_7D_CYAN_CI_cyano_CYAN_CONUS_300m_merged.tif,2021-08-01
2017-03-25,L20170782017084.L3m_7D_CYAN_CI_cyano_CYAN_CONUS_300m_merged.tif,2017-03-19
2008-06-28,M20081742008180.L3m_7D_CYAN_CI_cyano_CYAN_CONUS_300m_merged.tif,2008-06-22
2010-08-07,M20102132010219.L3m_7D_CYAN_CI_cyano_CYAN_CONUS_300m_merged.tif,2010-08-01
2024-07-20,L20241962024202.L3m_7D_CYAN_CI_cyano_CYAN_CONUS_300m_merged.tif,2024-07-14
2017-08-26,L20172322017238.L3m_7D_CYAN_CI_cyano_CYAN_CONUS_300m_merged.tif,2017-08-20
2024-04-13,L20240982024104.L3m_7D_CYAN_CI_cyano_CYAN_CONUS_300m_merged.tif,2024-04-07
2010-07-17,M20101922010198.L3m_7D_CYAN_CI_cyano_CYAN_CONUS_300m_merged.tif,2010-07-11
2011-06-04,M20111492011155.L3m_7D_CYAN_CI_cyano_CYAN_CONUS_300m_merged.tif,2011-05-29
2024-01-06,L20233652024006.L3m_7D_CYAN_CI_cyano_CYAN_CONUS_300m_merged.tif,2023-12-31
2020-10-17,L20202852020291.L3m_7D_CYAN_CI_cyano_CYAN_CONUS_300m_merged.tif,2020-10-11
2009-11-28,M20093262009332.L3m_7D_CYAN_CI_cyano_CYAN_CONUS_300m_merged.tif,2009-11-22
2017-11-25,L20173232017329.L3m_7D_CYAN_CI_cyano_CYAN_CONUS_300m_merged.tif,2017-11-19
2017-07-08,L20171832017189.L3m_7D_CYAN_CI_cyano_CYAN_CONUS_300m_merged.tif,2017-07-02
2023-11-18,L20233162023322.L3m_7D_CYAN_CI_cyano_CYAN_CONUS_300m_merged.tif,2023-11-12
2008-10-25,M20082932008299.L3m_7D_CYAN_CI_cyano_CYAN_CONUS_300m_merged.tif,2008-10-19
2018-10-13,L20182802018286.L3m_7D_CYAN_CI_cyano_CYAN_CONUS_300m_merged.tif,2018-10-07
2023-12-09,L20233372023343.L3m_7D_CYAN_CI_cyano_CYAN_CONUS_300m_merged.tif,2023-12-03
2009-06-13,M20091582009164.L3m_7D_CYAN_CI_cyano_CYAN_CONUS_300m_merged.tif,2009-06-07
2019-03-30,L20190832019089.L3m_7D_CYAN_CI_cyano_CYAN_CONUS_300m_merged.tif,2019-03-24
2021-09-25,L20212622021268.L3m_7D_CYAN_CI_cyano_CYAN_CONUS_300m_merged.tif,2021-09-19
2016-09-17,L20162552016261.L3m_7D_CYAN_CI_cyano_CYAN_CONUS_300m_merged.tif,2016-09-11
2018-04-21,L20181052018111.L3m_7D_CYAN_CI_cyano_CYAN_CONUS_300m_merged.tif,2018-04-15
2011-04-16,M20111002011106.L3m_7D_CYAN_CI_cyano_CYAN_CONUS_300m_merged.tif,2011-04-10
2021-10-02,L20212692021275.L3m_7D_CYAN_CI_cyano_CYAN_CONUS_300m_merged.tif,2021-09-26
2024-02-10,L20240352024041.L3m_7D_CYAN_CI_cyano_CYAN_CONUS_300m_merged.tif,2024-02-04
2023-04-29,L20231132023119.L3m_7D_CYAN_CI_cyano_CYAN_CONUS_300m_merged.tif,2023-04-23
2011-03-12,M20110652011071.L3m_7D_CYAN_CI_cyano_CYAN_CONUS_300m_merged.tif,2011-03-06
2024-03-16,L20240702024076.L3m_7D_CYAN_CI_cyano_CYAN_CONUS_300m_merged.tif,2024-03-10
2008-12-13,M20083422008348.L3m_7D_CYAN_CI_cyano_CYAN_CONUS_300m_merged.tif,2008-12-07
2018-01-13,L20180072018013.L3m_7D_CYAN_CI_cyano_CYAN_CONUS_300m_merged.tif,2018-01-07
2019-09-21,L20192582019264.L3m_7D_CYAN_CI_cyano_CYAN_CONUS_300m_merged.tif,2019-09-15
2012-02-18,M20120432012049.L3m_7D_CYAN_CI_cyano_CYAN_CONUS_300m_merged.tif,2012-02-12
2023-10-28,L20232952023301.L3m_7D_CYAN_CI_cyano_CYAN_CONUS_300m_merged.tif,2023-10-22
2011-06-25,M20111702011176.L3m_7D_CYAN_CI_cyano_CYAN_CONUS_300m_merged.tif,2011-06-19
2016-06-04,L20161502016156.L3m_7D_CYAN_CI_cyano_CYAN_CONUS_300m_merged.tif,2016-05-29
2017-09-30,L20172672017273.L3m_7D_CYAN_CI_cyano_CYAN_CONUS_300m_merged.tif,2017-09-24
2023-03-04,L20230572023063.L3m_7D_CYAN_CI_cyano_CYAN_CONUS_300m_merged.tif,2023-02-26
2016-12-10,L20163392016345.L3m_7D_CYAN_CI_cyano_CYAN_CONUS_300m_merged.tif,2016-12-04
2023-09-09,L20232462023252.L3m_7D_CYAN_CI_cyano_CYAN_CONUS_300m_merged.tif,2023-09-03
2022-01-01,L20213602022001.L3m_7D_CYAN_CI_cyano_CYAN_CONUS_300m_merged.tif,2021-12-26
2009-05-02,M20091162009122.L3m_7D_CYAN_CI_cyano_CYAN_CONUS_300m_merged.tif,2009-04-26
2019-06-29,L20191742019180.L3m_7D_CYAN_CI_cyano_CYAN_CONUS_300m_merged.tif,2019-06-23
2009-06-06,M20091512009157.L3m_7D_CYAN_CI_cyano_CYAN_CONUS_300m_merged.tif,2009-05-31
2009-10-31,M20092982009304.L3m_7D_CYAN_CI_cyano_CYAN_CONUS_300m_merged.tif,2009-10-25
2017-12-02,L20173302017336.L3m_7D_CYAN_CI_cyano_CYAN_CONUS_300m_merged.tif,2017-11-26
2022-09-10,L20222472022253.L3m_7D_CYAN_CI_cyano_CYAN_CONUS_300m_merged.tif,2022-09-04
2017-04-01,L20170852017091.L3m_7D_CYAN_CI_cyano_CYAN_CONUS_300m_merged.tif,2017-03-26
2020-08-15,L20202222020228.L3m_7D_CYAN_CI_cyano_CYAN_CONUS_300m_merged.tif,2020-08-09
2012-02-04,M20120292012035.L3m_7D_CYAN_CI_cyano_CYAN_CONUS_300m_merged.tif,2012-01-29
2018-02-03,L20180282018034.L3m_7D_CYAN_CI_cyano_CYAN_CONUS_300m_merged.tif,2018-01-28
2024-05-11,L20241262024132.L3m_7D_CYAN_CI_cyano_CYAN_CONUS_300m_merged.tif,2024-05-05
2012-01-07,M20120012012007.L3m_7D_CYAN_CI_cyano_CYAN_CONUS_300m_merged.tif,2012-01-01
2008-11-29,M20083282008334.L3m_7D_CYAN_CI_cyano_CYAN_CONUS_300m_merged.tif,2008-11-23
2016-10-22,L20162902016296.L3m_7D_CYAN_CI_cyano_CYAN_CONUS_300m_merged.tif,2016-10-16
2020-05-02,L20201172020123.L3m_7D_CYAN_CI_cyano_CYAN_CONUS_300m_merged.tif,2020-04-26
2010-10-23,M20102902010296.L3m_7D_CYAN_CI_cyano_CYAN_CONUS_300m_merged.tif,2010-10-17
2017-06-24,L20171692017175.L3m_7D_CYAN_CI_cyano_CYAN_CONUS_300m_merged.tif,2017-06-18
2021-05-15,L20211292021135.L3m_7D_CYAN_CI_cyano_CYAN_CONUS_300m_merged.tif,2021-05-09
2016-08-06,L20162132016219.L3m_7D_CYAN_CI_cyano_CYAN_CONUS_300m_merged.tif,2016-07-31
2009-01-10,M20090042009010.L3m_7D_CYAN_CI_cyano_CYAN_CONUS_300m_merged.tif,2009-01-04
2008-11-15,M20083142008320.L3m_7D_CYAN_CI_cyano_CYAN_CONUS_300m_merged.tif,2008-11-09
2008-08-30,M20082372008243.L3m_7D_CYAN_CI_cyano_CYAN_CONUS_300m_merged.tif,2008-08-24
2012-01-21,M20120152012021.L3m_7D_CYAN_CI_cyano_CYAN_CONUS_300m_merged.tif,2012-01-15
2021-03-06,L20210592021065.L3m_7D_CYAN_CI_cyano_CYAN_CONUS_300m_merged.tif,2021-02-28
2017-12-16,L20173442017350.L3m_7D_CYAN_CI_cyano_CYAN_CONUS_300m_merged.tif,2017-12-10
2009-04-04,M20090882009094.L3m_7D_CYAN_CI_cyano_CYAN_CONUS_300m_merged.tif,2009-03-29
2020-02-15,L20200402020046.L3m_7D_CYAN_CI_cyano_CYAN_CONUS_300m_merged.tif,2020-02-09
2022-12-24,L20223522022358.L3m_7D_CYAN_CI_cyano_CYAN_CONUS_300m_merged.tif,2022-12-18
2019-01-19,L20190132019019.L3m_7D_CYAN_CI_cyano_CYAN_CONUS_300m_merged.tif,2019-01-13
2023-12-02,L20233302023336.L3m_7D_CYAN_CI_cyano_CYAN_CONUS_300m_merged.tif,2023-11-26
2021-07-24,L20211992021205.L3m_7D_CYAN_CI_cyano_CYAN_CONUS_300m_merged.tif,2021-07-18
2019-12-07,L20193352019341.L3m_7D_CYAN_CI_cyano_CYAN_CONUS_300m_merged.tif,2019-12-01
2021-09-04,L20212412021247.L3m_7D_CYAN_CI_cyano_CYAN_CONUS_300m_merged.tif,2021-08-29
2011-02-12,M20110372011043.L3m_7D_CYAN_CI_cyano_CYAN_CONUS_300m_merged.tif,2011-02-06
2009-03-21,M20090742009080.L3m_7D_CYAN_CI_cyano_CYAN_CONUS_300m_merged.tif,2009-03-15
2008-08-16,M20082232008229.L3m_7D_CYAN_CI_cyano_CYAN_CONUS_300m_merged.tif,2008-08-10
2023-12-23,L20233512023357.L3m_7D_CYAN_CI_cyano_CYAN_CONUS_300m_merged.tif,2023-12-17
2008-12-20,M20083492008355.L3m_7D_CYAN_CI_cyano_CYAN_CONUS_300m_merged.tif,2008-12-14
2022-01-08,L20220022022008.L3m_7D_CYAN_CI_cyano_CYAN_CONUS_300m_merged.tif,2022-01-02
2011-09-24,M20112612011267.L3m_7D_CYAN_CI_cyano_CYAN_CONUS_300m_merged.tif,2011-09-18
2021-08-14,L20212202021226.L3m_7D_CYAN_CI_cyano_CYAN_CONUS_300m_merged.tif,2021-08-08
2018-03-31,L20180842018090.L3m_7D_CYAN_CI_cyano_CYAN_CONUS_300m_merged.tif,2018-03-25
2009-05-30,M20091442009150.L3m_7D_CYAN_CI_cyano_CYAN_CONUS_300m_merged.tif,2009-05-24
2022-04-02,L20220862022092.L3m_7D_CYAN_CI_cyano_CYAN_CONUS_300m_merged.tif,2022-03-27
2023-04-08,L20230922023098.L3m_7D_CYAN_CI_cyano_CYAN_CONUS_300m_merged.tif,2023-04-02
2016-08-13,L20162202016226.L3m_7D_CYAN_CI_cyano_CYAN_CONUS_300m_merged.tif,2016-08-07
2024-09-07,L20242452024251.L3m_7D_CYAN_CI_cyano_CYAN_CONUS_300m_merged.tif,2024-09-01
2020-11-14,L20203132020319.L3m_7D_CYAN_CI_cyano_CYAN_CONUS_300m_merged.tif,2020-11-08
2019-08-24,L20192302019236.L3m_7D_CYAN_CI_cyano_CYAN_CONUS_300m_merged.tif,2019-08-18
2021-08-21,L20212272021233.L3m_7D_CYAN_CI_cyano_CYAN_CONUS_300m_merged.tif,2021-08-15
2018-09-29,L20182662018272.L3m_7D_CYAN_CI_cyano_CYAN_CONUS_300m_merged.tif,2018-09-23
2022-06-25,L20221702022176.L3m_7D_CYAN_CI_cyano_CYAN_CONUS_300m_merged.tif,2022-06-19
2008-09-06,M20082442008250.L3m_7D_CYAN_CI_cyano_CYAN_CONUS_300m_merged.tif,2008-08-31
2018-08-11,L20182172018223.L3m_7D_CYAN_CI_cyano_CYAN_CONUS_300m_merged.tif,2018-08-05
2009-04-25,M20091092009115.L3m_7D_CYAN_CI_cyano_CYAN_CONUS_300m_merged.tif,2009-04-19
2024-10-19,L20242872024293.L3m_7D_CYAN_CI_cyano_CYAN_CONUS_300m_merged.tif,2024-10-13
2017-10-14,L20172812017287.L3m_7D_CYAN_CI_cyano_CYAN_CONUS_300m_merged.tif,2017-10-08
2019-03-09,L20190622019068.L3m_7D_CYAN_CI_cyano_CYAN_CONUS_300m_merged.tif,2019-03-03
2017-08-19,L20172252017231.L3m_7D_CYAN_CI_cyano_CYAN_CONUS_300m_merged.tif,2017-08-13
2017-05-06,L20171202017126.L3m_7D_CYAN_CI_cyano_CYAN_CONUS_300m_merged.tif,2017-04-30
2020-01-04,L20193632020004.L3m_7D_CYAN_CI_cyano_CYAN_CONUS_300m_merged.tif,2019-12-29
2008-01-19,M20080132008019.L3m_7D_CYAN_CI_cyano_CYAN_CONUS_300m_merged.tif,2008-01-13
2016-11-05,L20163042016310.L3m_7D_CYAN_CI_cyano_CYAN_CONUS_300m_merged.tif,2016-10-30
2009-01-31,M20090252009031.L3m_7D_CYAN_CI_cyano_CYAN_CONUS_300m_merged.tif,2009-01-25
2008-10-18,M20082862008292.L3m_7D_CYAN_CI_cyano_CYAN_CONUS_300m_merged.tif,2008-10-12
2023-06-10,L20231552023161.L3m_7D_CYAN_CI_cyano_CYAN_CONUS_300m_merged.tif,2023-06-04
2022-02-19,L20220442022050.L3m_7D_CYAN_CI_cyano_CYAN_CONUS_300m_merged.tif,2022-02-13
2021-07-03,L20211782021184.L3m_7D_CYAN_CI_cyano_CYAN_CONUS_300m_merged.tif,2021-06-27
2009-10-24,M20092912009297.L3m_7D_CYAN_CI_cyano_CYAN_CONUS_300m_merged.tif,2009-10-18
2017-01-28,L20170222017028.L3m_7D_CYAN_CI_cyano_CYAN_CONUS_300m_merged.tif,2017-01-22
2010-01-23,M20100172010023.L3m_7D_CYAN_CI_cyano_CYAN_CONUS_300m_merged.tif,2010-01-17
2023-10-07,L20232742023280.L3m_7D_CYAN_CI_cyano_CYAN_CONUS_300m_merged.tif,2023-10-01
2009-09-19,M20092562009262.L3m_7D_CYAN_CI_cyano_CYAN_CONUS_300m_merged.tif,2009-09-13
2022-08-27,L20222332022239.L3m_7D_CYAN_CI_cyano_CYAN_CONUS_300m_merged.tif,2022-08-21
2008-02-09,M20080342008040.L3m_7D_CYAN_CI_cyano_CYAN_CONUS_300m_merged.tif,2008-02-03
2008-08-02,M20082092008215.L3m_7D_CYAN_CI_cyano_CYAN_CONUS_300m_merged.tif,2008-07-27
2018-11-10,L20183082018314.L3m_7D_CYAN_CI_cyano_CYAN_CONUS_300m_merged.tif,2018-11-04
2019-07-13,L20191882019194.L3m_7D_CYAN_CI_cyano_CYAN_CONUS_300m_merged.tif,2019-07-07
2023-03-18,L20230712023077.L3m_7D_CYAN_CI_cyano_CYAN_CONUS_300m_merged.tif,2023-03-12
2018-06-16,L20181612018167.L3m_7D_CYAN_CI_cyano_CYAN_CONUS_300m_merged.tif,2018-06-10
2020-07-04,L20201802020186.L3m_7D_CYAN_CI_cyano_CYAN_CONUS_300m_merged.tif,2020-06-28
2017-03-11,L20170642017070.L3m_7D_CYAN_CI_cyano_CYAN_CONUS_300m_merged.tif,2017-03-05
2011-07-16,M20111912011197.L3m_7D_CYAN_CI_cyano_CYAN_CONUS_300m_merged.tif,2011-07-10
2018-08-18,L20182242018230.L3m_7D_CYAN_CI_cyano_CYAN_CONUS_300m_merged.tif,2018-08-12
2010-04-24,M20101082010114.L3m_7D_CYAN_CI_cyano_CYAN_CONUS_300m_merged.tif,2010-04-18
2011-03-19,M20110722011078.L3m_7D_CYAN_CI_cyano_CYAN_CONUS_300m_merged.tif,2011-03-13
2022-05-21,L20221352022141.L3m_7D_CYAN_CI_cyano_CYAN_CONUS_300m_merged.tif,2022-05-15
2020-12-12,L20203412020347.L3m_7D_CYAN_CI_cyano_CYAN_CONUS_300m_merged.tif,2020-12-06
2019-06-08,L20191532019159.L3m_7D_CYAN_CI_cyano_CYAN_CONUS_300m_merged.tif,2019-06-02
2010-12-25,M20103532010359.L3m_7D_CYAN_CI_cyano_CYAN_CONUS_300m_merged.tif,2010-12-19
2023-01-21,L20230152023021.L3m_7D_CYAN_CI_cyano_CYAN_CONUS_300m_merged.tif,2023-01-15
2010-08-28,M20102342010240.L3m_7D_CYAN_CI_cyano_CYAN_CONUS_300m_merged.tif,2010-08-22
2009-07-11,M20091862009192.L3m_7D_CYAN_CI_cyano_CYAN_CONUS_300m_merged.tif,2009-07-05
2008-02-16,M20080412008047.L3m_7D_CYAN_CI_cyano_CYAN_CONUS_300m_merged.tif,2008-02-10
2009-09-05,M20092422009248.L3m_7D_CYAN_CI_cyano_CYAN_CONUS_300m_merged.tif,2009-08-30
2020-08-22,L20202292020235.L3m_7D_CYAN_CI_cyano_CYAN_CONUS_300m_merged.tif,2020-08-16
2019-12-14,L20193422019348.L3m_7D_CYAN_CI_cyano_CYAN_CONUS_300m_merged.tif,2019-12-08
2009-10-17,M20092842009290.L3m_7D_CYAN_CI_cyano_CYAN_CONUS_300m_merged.tif,2009-10-11
2022-09-24,L20222612022267.L3m_7D_CYAN_CI_cyano_CYAN_CONUS_300m_merged.tif,2022-09-18
2008-07-12,M20081882008194.L3m_7D_CYAN_CI_cyano_CYAN_CONUS_300m_merged.tif,2008-07-06
2022-03-05,L20220582022064.L3m_7D_CYAN_CI_cyano_CYAN_CONUS_300m_merged.tif,2022-02-27
2008-10-11,M20082792008285.L3m_7D_CYAN_CI_cyano_CYAN_CONUS_300m_merged.tif,2008-10-05
2016-09-24,L20162622016268.L3m_7D_CYAN_CI_cyano_CYAN_CONUS_300m_merged.tif,2016-09-18
2016-11-12,L20163112016317.L3m_7D_CYAN_CI_cyano_CYAN_CONUS_300m_merged.tif,2016-11-06
2016-10-29,L20162972016303.L3m_7D_CYAN_CI_cyano_CYAN_CONUS_300m_merged.tif,2016-10-23
2011-05-14,M20111282011134.L3m_7D_CYAN_CI_cyano_CYAN_CONUS_300m_merged.tif,2011-05-08
2012-01-28,M20120222012028.L3m_7D_CYAN_CI_cyano_CYAN_CONUS_300m_merged.tif,2012-01-22
2016-12-24,L20163532016359.L3m_7D_CYAN_CI_cyano_CYAN_CONUS_300m_merged.tif,2016-12-18
2011-06-11,M20111562011162.L3m_7D_CYAN_CI_cyano_CYAN_CONUS_300m_merged.tif,2011-06-05
2010-02-06,M20100312010037.L3m_7D_CYAN_CI_cyano_CYAN_CONUS_300m_merged.tif,2010-01-31
2020-11-07,L20203062020312.L3m_7D_CYAN_CI_cyano_CYAN_CONUS_300m_merged.tif,2020-11-01
2010-06-26,M20101712010177.L3m_7D_CYAN_CI_cyano_CYAN_CONUS_300m_merged.tif,2010-06-20
2009-05-09,M20091232009129.L3m_7D_CYAN_CI_cyano_CYAN_CONUS_300m_merged.tif,2009-05-03
2011-07-09,M20111842011190.L3m_7D_CYAN_CI_cyano_CYAN_CONUS_300m_merged.tif,2011-07-03
2022-11-26,L20223242022330.L3m_7D_CYAN_CI_cyano_CYAN_CONUS_300m_merged.tif,2022-11-20
2024-04-06,L20240912024097.L3m_7D_CYAN_CI_cyano_CYAN_CONUS_300m_merged.tif,2024-03-31
2017-11-04,L20173022017308.L3m_7D_CYAN_CI_cyano_CYAN_CONUS_300m_merged.tif,2017-10-29
2021-09-11,L20212482021254.L3m_7D_CYAN_CI_cyano_CYAN_CONUS_300m_merged.tif,2021-09-05
2008-05-03,M20081182008124.L3m_7D_CYAN_CI_cyano_CYAN_CONUS_300m_merged.tif,2008-04-27
2009-03-28,M20090812009087.L3m_7D_CYAN_CI_cyano_CYAN_CONUS_300m_merged.tif,2009-03-22
2018-03-10,L20180632018069.L3m_7D_CYAN_CI_cyano_CYAN_CONUS_300m_merged.tif,2018-03-04
2008-07-05,M20081812008187.L3m_7D_CYAN_CI_cyano_CYAN_CONUS_300m_merged.tif,2008-06-29
2021-12-04,L20213322021338.L3m_7D_CYAN_CI_cyano_CYAN_CONUS_300m_merged.tif,2021-11-28
2021-03-13,L20210662021072.L3m_7D_CYAN_CI_cyano_CYAN_CONUS_300m_merged.tif,2021-03-07
2008-01-26,M20080202008026.L3m_7D_CYAN_CI_cyano_CYAN_CONUS_300m_merged.tif,2008-01-20
2010-03-13,M20100662010072.L3m_7D_CYAN_CI_cyano_CYAN_CONUS_300m_merged.tif,2010-03-07
2023-11-04,L20233022023308.L3m_7D_CYAN_CI_cyano_CYAN_CONUS_300m_merged.tif,2023-10-29
2010-02-13,M20100382010044.L3m_7D_CYAN_CI_cyano_CYAN_CONUS_300m_merged.tif,2010-02-07
2022-06-04,L20221492022155.L3m_7D_CYAN_CI_cyano_CYAN_CONUS_300m_merged.tif,2022-05-29
2010-10-09,M20102762010282.L3m_7D_CYAN_CI_cyano_CYAN_CONUS_300m_merged.tif,2010-10-03
2010-09-25,M20102622010268.L3m_7D_CYAN_CI_cyano_CYAN_CONUS_300m_merged.tif,2010-09-19
2020-01-25,L20200192020025.L3m_7D_CYAN_CI_cyano_CYAN_CONUS_300m_merged.tif,2020-01-19
2016-07-09,L20161852016191.L3m_7D_CYAN_CI_cyano_CYAN_CONUS_300m_merged.tif,2016-07-03
2010-06-05,M20101502010156.L3m_7D_CYAN_CI_cyano_CYAN_CONUS_300m_merged.tif,2010-05-30
2020-04-04,L20200892020095.L3m_7D_CYAN_CI_cyano_CYAN_CONUS_300m_merged.tif,2020-03-29
2020-06-27,L20201732020179.L3m_7D_CYAN_CI_cyano_CYAN_CONUS_300m_merged.tif,2020-06-21
2023-07-08,L20231832023189.L3m_7D_CYAN_CI_cyano_CYAN_CONUS_300m_merged.tif,2023-07-02
2009-06-27,M20091722009178.L3m_7D_CYAN_CI_cyano_CYAN_CONUS_300m_merged.tif,2009-06-21
2023-04-15,L20230992023105.L3m_7D_CYAN_CI_cyano_CYAN_CONUS_300m_merged.tif,2023-04-09
2021-12-11,L20213392021345.L3m_7D_CYAN_CI_cyano_CYAN_CONUS_300m_merged.tif,2021-12-05
2010-03-27,M20100802010086.L3m_7D_CYAN_CI_cyano_CYAN_CONUS_300m_merged.tif,2010-03-21
2010-05-29,M20101432010149.L3m_7D_CYAN_CI_cyano_CYAN_CONUS_300m_merged.tif,2010-05-23
2017-07-22,L20171972017203.L3m_7D_CYAN_CI_cyano_CYAN_CONUS_300m_merged.tif,2017-07-16
2011-05-21,M20111352011141.L3m_7D_CYAN_CI_cyano_CYAN_CONUS_300m_merged.tif,2011-05-15
2022-03-12,L20220652022071.L3m_7D_CYAN_CI_cyano_CYAN_CONUS_300m_merged.tif,2022-03-06
2016-12-17,L20163462016352.L3m_7D_CYAN_CI_cyano_CYAN_CONUS_300m_merged.tif,2016-12-11
2023-05-27,L20231412023147.L3m_7D_CYAN_CI_cyano_CYAN_CONUS_300m_merged.tif,2023-05-21
2020-06-06,L20201522020158.L3m_7D_CYAN_CI_cyano_CYAN_CONUS_300m_merged.tif,2020-05-31
2009-11-14,M20093122009318.L3m_7D_CYAN_CI_cyano_CYAN_CONUS_300m_merged.tif,2009-11-08
2019-07-27,L20192022019208.L3m_7D_CYAN_CI_cyano_CYAN_CONUS_300m_merged.tif,2019-07-21
2019-04-27,L20191112019117.L3m_7D_CYAN_CI_cyano_CYAN_CONUS_300m_merged.tif,2019-04-21
2020-02-22,L20200472020053.L3m_7D_CYAN_CI_cyano_CYAN_CONUS_300m_merged.tif,2020-02-16
2017-10-07,L20172742017280.L3m_7D_CYAN_CI_cyano_CYAN_CONUS_300m_merged.tif,2017-10-01
2017-12-23,L20173512017357.L3m_7D_CYAN_CI_cyano_CYAN_CONUS_300m_merged.tif,2017-12-17
2016-05-07,L20161222016128.L3m_7D_CYAN_CI_cyano_CYAN_CONUS_300m_merged.tif,2016-05-01
2009-01-03,M20083632009003.L3m_7D_CYAN_CI_cyano_CYAN_CONUS_300m_merged.tif,2008-12-28
2012-01-14,M20120082012014.L3m_7D_CYAN_CI_cyano_CYAN_CONUS_300m_merged.tif,2012-01-08
2018-12-08,L20183362018342.L3m_7D_CYAN_CI_cyano_CYAN_CONUS_300m_merged.tif,2018-12-02
2009-02-21,M20090462009052.L3m_7D_CYAN_CI_cyano_CYAN_CONUS_300m_merged.tif,2009-02-15
2022-05-28,L20221422022148.L3m_7D_CYAN_CI_cyano_CYAN_CONUS_300m_merged.tif,2022-05-22
2024-03-09,L20240632024069.L3m_7D_CYAN_CI_cyano_CYAN_CONUS_300m_merged.tif,2024-03-03
2024-07-06,L20241822024188.L3m_7D_CYAN_CI_cyano_CYAN_CONUS_300m_merged.tif,2024-06-30
2008-07-26,M20082022008208.L3m_7D_CYAN_CI_cyano_CYAN_CONUS_300m_merged.tif,2008-07-20
2016-07-16,L20161922016198.L3m_7D_CYAN_CI_cyano_CYAN_CONUS_300m_merged.tif,2016-07-10
2022-10-29,L20222962022302.L3m_7D_CYAN_CI_cyano_CYAN_CONUS_300m_merged.tif,2022-10-23
2008-04-26,M20081112008117.L3m_7D_CYAN_CI_cyano_CYAN_CONUS_300m_merged.tif,2008-04-20
2017-01-21,L20170152017021.L3m_7D_CYAN_CI_cyano_CYAN_CONUS_300m_merged.tif,2017-01-15
2008-12-27,M20083562008362.L3m_7D_CYAN_CI_cyano_CYAN_CONUS_300m_merged.tif,2008-12-21
2009-10-10,M20092772009283.L3m_7D_CYAN_CI_cyano_CYAN_CONUS_300m_merged.tif,2009-10-04
2021-11-13,L20213112021317.L3m_7D_CYAN_CI_cyano_CYAN_CONUS_300m_merged.tif,2021-11-07
2008-06-14,M20081602008166.L3m_7D_CYAN_CI_cyano_CYAN_CONUS_300m_merged.tif,2008-06-08
2017-06-03,L20171482017154.L3m_7D_CYAN_CI_cyano_CYAN_CONUS_300m_merged.tif,2017-05-28
2010-12-04,M20103322010338.L3m_7D_CYAN_CI_cyano_CYAN_CONUS_300m_merged.tif,2010-11-28
2009-08-15,M20092212009227.L3m_7D_CYAN_CI_cyano_CYAN_CONUS_300m_merged.tif,2009-08-09
2009-01-24,M20090182009024.L3m_7D_CYAN_CI_cyano_CYAN_CONUS_300m_merged.tif,2009-01-18
2018-10-20,L20182872018293.L3m_7D_CYAN_CI_cyano_CYAN_CONUS_300m_merged.tif,2018-10-14
2009-01-17,M20090112009017.L3m_7D_CYAN_CI_cyano_CYAN_CONUS_300m_merged.tif,2009-01-11
2018-06-02,L20181472018153.L3m_7D_CYAN_CI_cyano_CYAN_CONUS_300m_merged.tif,2018-05-27
2020-07-18,L20201942020200.L3m_7D_CYAN_CI_cyano_CYAN_CONUS_300m_merged.tif,2020-07-12
2019-03-16,L20190692019075.L3m_7D_CYAN_CI_cyano_CYAN_CONUS_300m_merged.tif,2019-03-10
2020-09-12,L20202502020256.L3m_7D_CYAN_CI_cyano_CYAN_CONUS_300m_merged.tif,2020-09-06
2020-08-29,L20202362020242.L3m_7D_CYAN_CI_cyano_CYAN_CONUS_300m_merged.tif,2020-08-23
2022-05-14,L20221282022134.L3m_7D_CYAN_CI_cyano_CYAN_CONUS_300m_merged.tif,2022-05-08
2023-07-29,L20232042023210.L3m_7D_CYAN_CI_cyano_CYAN_CONUS_300m_merged.tif,2023-07-23
2022-04-09,L20220932022099.L3m_7D_CYAN_CI_cyano_CYAN_CONUS_300m_merged.tif,2022-04-03
2010-03-06,M20100592010065.L3m_7D_CYAN_CI_cyano_CYAN_CONUS_300m_merged.tif,2010-02-28
2011-10-22,M20112892011295.L3m_7D_CYAN_CI_cyano_CYAN_CONUS_300m_merged.tif,2011-10-16
2022-11-19,L20223172022323.L3m_7D_CYAN_CI_cyano_CYAN_CONUS_300m_merged.tif,2022-11-13
2010-07-10,M20101852010191.L3m_7D_CYAN_CI_cyano_CYAN_CONUS_300m_merged.tif,2010-07-04
2024-06-22,L20241682024174.L3m_7D_CYAN_CI_cyano_CYAN_CONUS_300m_merged.tif,2024-06-16
2019-10-12,L20192792019285.L3m_7D_CYAN_CI_cyano_CYAN_CONUS_300m_merged.tif,2019-10-06
2008-08-23,M20082302008236.L3m_7D_CYAN_CI_cyano_CYAN_CONUS_300m_merged.tif,2008-08-17
2022-08-06,L20222122022218.L3m_7D_CYAN_CI_cyano_CYAN_CONUS_300m_merged.tif,2022-07-31
2008-11-01,M20083002008306.L3m_7D_CYAN_CI_cyano_CYAN_CONUS_300m_merged.tif,2008-10-26
2024-08-10,L20242172024223.L3m_7D_CYAN_CI_cyano_CYAN_CONUS_300m_merged.tif,2024-08-04
2009-07-25,M20092002009206.L3m_7D_CYAN_CI_cyano_CYAN_CONUS_300m_merged.tif,2009-07-19
2009-03-07,M20090602009066.L3m_7D_CYAN_CI_cyano_CYAN_CONUS_300m_merged.tif,2009-03-01
2018-01-27,L20180212018027.L3m_7D_CYAN_CI_cyano_CYAN_CONUS_300m_merged.tif,2018-01-21
2009-09-12,M20092492009255.L3m_7D_CYAN_CI_cyano_CYAN_CONUS_300m_merged.tif,2009-09-06
2010-11-06,M20103042010310.L3m_7D_CYAN_CI_cyano_CYAN_CONUS_300m_merged.tif,2010-10-31
2011-07-30,M20112052011211.L3m_7D_CYAN_CI_cyano_CYAN_CONUS_300m_merged.tif,2011-07-24
2021-06-19,L20211642021170.L3m_7D_CYAN_CI_cyano_CYAN_CONUS_300m_merged.tif,2021-06-13
2011-06-18,M20111632011169.L3m_7D_CYAN_CI_cyano_CYAN_CONUS_300m_merged.tif,2011-06-12
2010-02-20,M20100452010051.L3m_7D_CYAN_CI_cyano_CYAN_CONUS_300m_merged.tif,2010-02-14
2018-06-23,L20181682018174.L3m_7D_CYAN_CI_cyano_CYAN_CONUS_300m_merged.tif,2018-06-17
2017-01-14,L20170082017014.L3m_7D_CYAN_CI_cyano_CYAN_CONUS_300m_merged.tif,2017-01-08
2024-03-02,L20240562024062.L3m_7D_CYAN_CI_cyano_CYAN_CONUS_300m_merged.tif,2024-02-25
2010-05-15,M20101292010135.L3m_7D_CYAN_CI_cyano_CYAN_CONUS_300m_merged.tif,2010-05-09
2024-08-03,L20242102024216.L3m_7D_CYAN_CI_cyano_CYAN_CONUS_300m_merged.tif,2024-07-28
2023-04-01,L20230852023091.L3m_7D_CYAN_CI_cyano_CYAN_CONUS_300m_merged.tif,2023-03-26
2023-01-07,L20230012023007.L3m_7D_CYAN_CI_cyano_CYAN_CONUS_300m_merged.tif,2023-01-01
2020-06-13,L20201592020165.L3m_7D_CYAN_CI_cyano_CYAN_CONUS_300m_merged.tif,2020-06-07
2016-05-14,L20161292016135.L3m_7D_CYAN_CI_cyano_CYAN_CONUS_300m_merged.tif,2016-05-08
2023-01-28,L20230222023028.L3m_7D_CYAN_CI_cyano_CYAN_CONUS_300m_merged.tif,2023-01-22
2010-08-14,M20102202010226.L3m_7D_CYAN_CI_cyano_CYAN_CONUS_300m_merged.tif,2010-08-08
2024-11-09,L20243082024314.L3m_7D_CYAN_CI_cyano_CYAN_CONUS_300m_merged.tif,2024-11-03
2023-02-18,L20230432023049.L3m_7D_CYAN_CI_cyano_CYAN_CONUS_300m_merged.tif,2023-02-12
2009-12-12,M20093402009346.L3m_7D_CYAN_CI_cyano_CYAN_CONUS_300m_merged.tif,2009-12-06
2017-06-17,L20171622017168.L3m_7D_CYAN_CI_cyano_CYAN_CONUS_300m_merged.tif,2017-06-11
2017-07-15,L20171902017196.L3m_7D_CYAN_CI_cyano_CYAN_CONUS_300m_merged.tif,2017-07-09
2023-06-17,L20231622023168.L3m_7D_CYAN_CI_cyano_CYAN_CONUS_300m_merged.tif,2023-06-11
2024-01-27,L20240212024027.L3m_7D_CYAN_CI_cyano_CYAN_CONUS_300m_merged.tif,2024-01-21
2020-04-25,L20201102020116.L3m_7D_CYAN_CI_cyano_CYAN_CONUS_300m_merged.tif,2020-04-19
2017-04-22,L20171062017112.L3m_7D_CYAN_CI_cyano_CYAN_CONUS_300m_merged.tif,2017-04-16
2010-09-11,M20102482010254.L3m_7D_CYAN_CI_cyano_CYAN_CONUS_300m_merged.tif,2010-09-05
2018-12-15,L20183432018349.L3m_7D_CYAN_CI_cyano_CYAN_CONUS_300m_merged.tif,2018-12-09
2019-07-20,L20191952019201.L3m_7D_CYAN_CI_cyano_CYAN_CONUS_300m_merged.tif,2019-07-14
2010-11-13,M20103112010317.L3m_7D_CYAN_CI_cyano_CYAN_CONUS_300m_merged.tif,2010-11-07
2017-03-04,L20170572017063.L3m_7D_CYAN_CI_cyano_CYAN_CONUS_300m_merged.tif,2017-02-26
2018-07-21,L20181962018202.L3m_7D_CYAN_CI_cyano_CYAN_CONUS_300m_merged.tif,2018-07-15
2021-01-09,L20210032021009.L3m_7D_CYAN_CI_cyano_CYAN_CONUS_300m_merged.tif,2021-01-03
2011-09-03,M20112402011246.L3m_7D_CYAN_CI_cyano_CYAN_CONUS_300m_merged.tif,2011-08-28
2018-10-27,L20182942018300.L3m_7D_CYAN_CI_cyano_CYAN_CONUS_300m_merged.tif,2018-10-21
2018-09-15,L20182522018258.L3m_7D_CYAN_CI_cyano_CYAN_CONUS_300m_merged.tif,2018-09-09
2019-09-14,L20192512019257.L3m_7D_CYAN_CI_cyano_CYAN_CONUS_300m_merged.tif,2019-09-08
2024-02-24,L20240492024055.L3m_7D_CYAN_CI_cyano_CYAN_CONUS_300m_merged.tif,2024-02-18
2019-05-04,L20191182019124.L3m_7D_CYAN_CI_cyano_CYAN_CONUS_300m_merged.tif,2019-04-28
2016-06-11,L20161572016163.L3m_7D_CYAN_CI_cyano_CYAN_CONUS_300m_merged.tif,2016-06-05
2023-09-30,L20232672023273.L3m_7D_CYAN_CI_cyano_CYAN_CONUS_300m_merged.tif,2023-09-24
2024-08-17,L20242242024230.L3m_7D_CYAN_CI_cyano_CYAN_CONUS_300m_merged.tif,2024-08-11
2024-01-20,L20240142024020.L3m_7D_CYAN_CI_cyano_CYAN_CONUS_300m_merged.tif,2024-01-14
2009-12-19,M20093472009353.L3m_7D_CYAN_CI_cyano_CYAN_CONUS_300m_merged.tif,2009-12-13
2011-03-05,M20110582011064.L3m_7D_CYAN_CI_cyano_CYAN_CONUS_300m_merged.tif,2011-02-27
2023-09-16,L20232532023259.L3m_7D_CYAN_CI_cyano_CYAN_CONUS_300m_merged.tif,2023-09-10
2022-04-16,L20221002022106.L3m_7D_CYAN_CI_cyano_CYAN_CONUS_300m_merged.tif,2022-04-10
2011-08-27,M20112332011239.L3m_7D_CYAN_CI_cyano_CYAN_CONUS_300m_merged.tif,2011-08-21
2010-05-01,M20101152010121.L3m_7D_CYAN_CI_cyano_CYAN_CONUS_300m_merged.tif,2010-04-25
2008-04-19,M20081042008110.L3m_7D_CYAN_CI_cyano_CYAN_CONUS_300m_merged.tif,2008-04-13
2011-12-24,M20113522011358.L3m_7D_CYAN_CI_cyano_CYAN_CONUS_300m_merged.tif,2011-12-18
2008-11-08,M20083072008313.L3m_7D_CYAN_CI_cyano_CYAN_CONUS_300m_merged.tif,2008-11-02
2011-01-01,M20103602011001.L3m_7D_CYAN_CI_cyano_CYAN_CONUS_300m_merged.tif,2010-12-26
2021-01-16,L20210102021016.L3m_7D_CYAN_CI_cyano_CYAN_CONUS_300m_merged.tif,2021-01-10
2019-12-21,L20193492019355.L3m_7D_CYAN_CI_cyano_CYAN_CONUS_300m_merged.tif,2019-12-15
2010-07-03,M20101782010184.L3m_7D_CYAN_CI_cyano_CYAN_CONUS_300m_merged.tif,2010-06-27
2019-07-06,L20191812019187.L3m_7D_CYAN_CI_cyano_CYAN_CONUS_300m_merged.tif,2019-06-30
2019-01-26,L20190202019026.L3m_7D_CYAN_CI_cyano_CYAN_CONUS_300m_merged.tif,2019-01-20
2016-08-20,L20162272016233.L3m_7D_CYAN_CI_cyano_CYAN_CONUS_300m_merged.tif,2016-08-14
2018-11-17,L20183152018321.L3m_7D_CYAN_CI_cyano_CYAN_CONUS_300m_merged.tif,2018-11-11
2017-12-09,L20173372017343.L3m_7D_CYAN_CI_cyano_CYAN_CONUS_300m_merged.tif,2017-12-03
2010-11-20,M20103182010324.L3m_7D_CYAN_CI_cyano_CYAN_CONUS_300m_merged.tif,2010-11-14
2019-11-30,L20193282019334.L3m_7D_CYAN_CI_cyano_CYAN_CONUS_300m_merged.tif,2019-11-24
2010-01-16,M20100102010016.L3m_7D_CYAN_CI_cyano_CYAN_CONUS_300m_merged.tif,2010-01-10
2022-04-30,L20221142022120.L3m_7D_CYAN_CI_cyano_CYAN_CONUS_300m_merged.tif,2022-04-24
2023-05-06,L20231202023126.L3m_7D_CYAN_CI_cyano_CYAN_CONUS_300m_merged.tif,2023-04-30
2021-11-06,L20213042021310.L3m_7D_CYAN_CI_cyano_CYAN_CONUS_300m_merged.tif,2021-10-31
2020-02-08,L20200332020039.L3m_7D_CYAN_CI_cyano_CYAN_CONUS_300m_merged.tif,2020-02-02
2024-03-23,L20240772024083.L3m_7D_CYAN_CI_cyano_CYAN_CONUS_300m_merged.tif,2024-03-17
2020-12-05,L20203342020340.L3m_7D_CYAN_CI_cyano_CYAN_CONUS_300m_merged.tif,2020-11-29
2012-02-11,M20120362012042.L3m_7D_CYAN_CI_cyano_CYAN_CONUS_300m_merged.tif,2012-02-05
2018-01-20,L20180142018020.L3m_7D_CYAN_CI_cyano_CYAN_CONUS_300m_merged.tif,2018-01-14
2020-10-24,L20202922020298.L3m_7D_CYAN_CI_cyano_CYAN_CONUS_300m_merged.tif,2020-10-18
2019-08-17,L20192232019229.L3m_7D_CYAN_CI_cyano_CYAN_CONUS_300m_merged.tif,2019-08-11
2022-01-15,L20220092022015.L3m_7D_CYAN_CI_cyano_CYAN_CONUS_300m_merged.tif,2022-01-09
2008-01-05,M20073642008005.L3m_7D_CYAN_CI_cyano_CYAN_CONUS_300m_merged.tif,2007-12-30
2019-04-20,L20191042019110.L3m_7D_CYAN_CI_cyano_CYAN_CONUS_300m_merged.tif,2019-04-14
2023-04-22,L20231062023112.L3m_7D_CYAN_CI_cyano_CYAN_CONUS_300m_merged.tif,2023-04-16
2020-05-09,L20201242020130.L3m_7D_CYAN_CI_cyano_CYAN_CONUS_300m_merged.tif,2020-05-03
2016-11-19,L20163182016324.L3m_7D_CYAN_CI_cyano_CYAN_CONUS_300m_merged.tif,2016-11-13
2022-04-23,L20221072022113.L3m_7D_CYAN_CI_cyano_CYAN_CONUS_300m_merged.tif,2022-04-17
2021-04-17,L20211012021107.L3m_7D_CYAN_CI_cyano_CYAN_CONUS_300m_merged.tif,2021-04-11
2011-02-26,M20110512011057.L3m_7D_CYAN_CI_cyano_CYAN_CONUS_300m_merged.tif,2011-02-20
2011-12-31,M20113592011365.L3m_7D_CYAN_CI_cyano_CYAN_CONUS_300m_merged.tif,2011-12-25
2019-12-28,L20193562019362.L3m_7D_CYAN_CI_cyano_CYAN_CONUS_300m_merged.tif,2019-12-22
2008-02-02,M20080272008033.L3m_7D_CYAN_CI_cyano_CYAN_CONUS_300m_merged.tif,2008-01-27
2008-03-29,M20080832008089.L3m_7D_CYAN_CI_cyano_CYAN_CONUS_300m_merged.tif,2008-03-23
2024-05-04,L20241192024125.L3m_7D_CYAN_CI_cyano_CYAN_CONUS_300m_merged.tif,2024-04-28
2009-04-18,M20091022009108.L3m_7D_CYAN_CI_cyano_CYAN_CONUS_300m_merged.tif,2009-04-12
2017-09-23,L20172602017266.L3m_7D_CYAN_CI_cyano_CYAN_CONUS_300m_merged.tif,2017-09-17
2018-04-07,L20180912018097.L3m_7D_CYAN_CI_cyano_CYAN_CONUS_300m_merged.tif,2018-04-01
2011-09-10,M20112472011253.L3m_7D_CYAN_CI_cyano_CYAN_CONUS_300m_merged.tif,2011-09-04
2022-07-30,L20222052022211.L3m_7D_CYAN_CI_cyano_CYAN_CONUS_300m_merged.tif,2022-07-24
2011-07-23,M20111982011204.L3m_7D_CYAN_CI_cyano_CYAN_CONUS_300m_merged.tif,2011-07-17
2011-10-01,M20112682011274.L3m_7D_CYAN_CI_cyano_CYAN_CONUS_300m_merged.tif,2011-09-25
2008-04-05,M20080902008096.L3m_7D_CYAN_CI_cyano_CYAN_CONUS_300m_merged.tif,2008-03-30
2019-10-19,L20192862019292.L3m_7D_CYAN_CI_cyano_CYAN_CONUS_300m_merged.tif,2019-10-13
2011-11-12,M20113102011316.L3m_7D_CYAN_CI_cyano_CYAN_CONUS_300m_merged.tif,2011-11-06
2019-04-13,L20190972019103.L3m_7D_CYAN_CI_cyano_CYAN_CONUS_300m_merged.tif,2019-04-07
2008-07-19,M20081952008201.L3m_7D_CYAN_CI_cyano_CYAN_CONUS_300m_merged.tif,2008-07-13
2021-04-24,L20211082021114.L3m_7D_CYAN_CI_cyano_CYAN_CONUS_300m_merged.tif,2021-04-18
2011-12-03,M20113312011337.L3m_7D_CYAN_CI_cyano_CYAN_CONUS_300m_merged.tif,2011-11-27
2017-10-21,L20172882017294.L3m_7D_CYAN_CI_cyano_CYAN_CONUS_300m_merged.tif,2017-10-15
2018-07-14,L20181892018195.L3m_7D_CYAN_CI_cyano_CYAN_CONUS_300m_merged.tif,2018-07-08
2022-02-12,L20220372022043.L3m_7D_CYAN_CI_cyano_CYAN_CONUS_300m_merged.tif,2022-02-06
2020-10-31,L20202992020305.L3m_7D_CYAN_CI_cyano_CYAN_CONUS_300m_merged.tif,2020-10-25
2022-08-20,L20222262022232.L3m_7D_CYAN_CI_cyano_CYAN_CONUS_300m_merged.tif,2022-08-14
2010-04-17,M20101012010107.L3m_7D_CYAN_CI_cyano_CYAN_CONUS_300m_merged.tif,2010-04-11
2009-02-14,M20090392009045.L3m_7D_CYAN_CI_cyano_CYAN_CONUS_300m_merged.tif,2009-02-08
2009-07-18,M20091932009199.L3m_7D_CYAN_CI_cyano_CYAN_CONUS_300m_merged.tif,2009-07-12
2018-12-01,L20183292018335.L3m_7D_CYAN_CI_cyano_CYAN_CONUS_300m_merged.tif,2018-11-25
2020-12-26,L20203552020361.L3m_7D_CYAN_CI_cyano_CYAN_CONUS_300m_merged.tif,2020-12-20
2022-01-29,L20220232022029.L3m_7D_CYAN_CI_cyano_CYAN_CONUS_300m_merged.tif,2022-01-23
2009-12-05,M20093332009339.L3m_7D_CYAN_CI_cyano_CYAN_CONUS_300m_merged.tif,2009-11-29
2016-05-28,L20161432016149.L3m_7D_CYAN_CI_cyano_CYAN_CONUS_300m_merged.tif,2016-05-22
2009-10-03,M20092702009276.L3m_7D_CYAN_CI_cyano_CYAN_CONUS_300m_merged.tif,2009-09-27
2016-09-03,L20162412016247.L3m_7D_CYAN_CI_cyano_CYAN_CONUS_300m_merged.tif,2016-08-28
2024-09-21,L20242592024265.L3m_7D_CYAN_CI_cyano_CYAN_CONUS_300m_merged.tif,2024-09-15
2008-12-06,M20083352008341.L3m_7D_CYAN_CI_cyano_CYAN_CONUS_300m_merged.tif,2008-11-30
2010-10-16,M20102832010289.L3m_7D_CYAN_CI_cyano_CYAN_CONUS_300m_merged.tif,2010-10-10
2018-09-01,L20182382018244.L3m_7D_CYAN_CI_cyano_CYAN_CONUS_300m_merged.tif,2018-08-26
2021-05-01,L20211152021121.L3m_7D_CYAN_CI_cyano_CYAN_CONUS_300m_merged.tif,2021-04-25
2018-05-05,L20181192018125.L3m_7D_CYAN_CI_cyano_CYAN_CONUS_300m_merged.tif,2018-04-29
2011-10-29,M20112962011302.L3m_7D_CYAN_CI_cyano_CYAN_CONUS_300m_merged.tif,2011-10-23
2018-06-30,L20181752018181.L3m_7D_CYAN_CI_cyano_CYAN_CONUS_300m_merged.tif,2018-06-24
2016-10-08,L20162762016282.L3m_7D_CYAN_CI_cyano_CYAN_CONUS_300m_merged.tif,2016-10-02
2018-05-19,L20181332018139.L3m_7D_CYAN_CI_cyano_CYAN_CONUS_300m_merged.tif,2018-05-13
2019-11-23,L20193212019327.L3m_7D_CYAN_CI_cyano_CYAN_CONUS_300m_merged.tif,2019-11-17
2010-02-27,M20100522010058.L3m_7D_CYAN_CI_cyano_CYAN_CONUS_300m_merged.tif,2010-02-21
2011-10-15,M20112822011288.L3m_7D_CYAN_CI_cyano_CYAN_CONUS_300m_merged.tif,2011-10-09
2020-05-16,L20201312020137.L3m_7D_CYAN_CI_cyano_CYAN_CONUS_300m_merged.tif,2020-05-10
2017-05-20,L20171342017140.L3m_7D_CYAN_CI_cyano_CYAN_CONUS_300m_merged.tif,2017-05-14
2022-12-03,L20223312022337.L3m_7D_CYAN_CI_cyano_CYAN_CONUS_300m_merged.tif,2022-11-27
2020-01-18,L20200122020018.L3m_7D_CYAN_CI_cyano_CYAN_CONUS_300m_merged.tif,2020-01-12
2020-01-11,L20200052020011.L3m_7D_CYAN_CI_cyano_CYAN_CONUS_300m_merged.tif,2020-01-05
2022-07-02,L20221772022183.L3m_7D_CYAN_CI_cyano_CYAN_CONUS_300m_merged.tif,2022-06-26
2024-09-14,L20242522024258.L3m_7D_CYAN_CI_cyano_CYAN_CONUS_300m_merged.tif,2024-09-08
2021-12-25,L20213532021359.L3m_7D_CYAN_CI_cyano_CYAN_CONUS_300m_merged.tif,2021-12-19
2011-08-13,M20112192011225.L3m_7D_CYAN_CI_cyano_CYAN_CONUS_300m_merged.tif,2011-08-07
2019-08-31,L20192372019243.L3m_7D_CYAN_CI_cyano_CYAN_CONUS_300m_merged.tif,2019-08-25
2016-07-02,L20161782016184.L3m_7D_CYAN_CI_cyano_CYAN_CONUS_300m_merged.tif,2016-06-26
2011-10-08,M20112752011281.L3m_7D_CYAN_CI_cyano_CYAN_CONUS_300m_merged.tif,2011-10-02
2019-10-26,L20192932019299.L3m_7D_CYAN_CI_cyano_CYAN_CONUS_300m_merged.tif,2019-10-20
2017-04-15,L20170992017105.L3m_7D_CYAN_CI_cyano_CYAN_CONUS_300m_merged.tif,2017-04-09
2024-08-24,L20242312024237.L3m_7D_CYAN_CI_cyano_CYAN_CONUS_300m_merged.tif,2024-08-18
2022-06-11,L20221562022162.L3m_7D_CYAN_CI_cyano_CYAN_CONUS_300m_merged.tif,2022-06-05
2016-11-26,L20163252016331.L3m_7D_CYAN_CI_cyano_CYAN_CONUS_300m_merged.tif,2016-11-20
2021-06-26,L20211712021177.L3m_7D_CYAN_CI_cyano_CYAN_CONUS_300m_merged.tif,2021-06-20
2012-02-25,M20120502012056.L3m_7D_CYAN_CI_cyano_CYAN_CONUS_300m_merged.tif,2012-02-19
2023-08-12,L20232182023224.L3m_7D_CYAN_CI_cyano_CYAN_CONUS_300m_merged.tif,2023-08-06
2016-08-27,L20162342016240.L3m_7D_CYAN_CI_cyano_CYAN_CONUS_300m_merged.tif,2016-08-21
2020-02-01,L20200262020032.L3m_7D_CYAN_CI_cyano_CYAN_CONUS_300m_merged.tif,2020-01-26
2023-07-01,L20231762023182.L3m_7D_CYAN_CI_cyano_CYAN_CONUS_300m_merged.tif,2023-06-25
2022-02-05,L20220302022036.L3m_7D_CYAN_CI_cyano_CYAN_CONUS_300m_merged.tif,2022-01-30
2010-08-21,M20102272010233.L3m_7D_CYAN_CI_cyano_CYAN_CONUS_300m_merged.tif,2010-08-15
2020-03-21,L20200752020081.L3m_7D_CYAN_CI_cyano_CYAN_CONUS_300m_merged.tif,2020-03-15
2021-09-18,L20212552021261.L3m_7D_CYAN_CI_cyano_CYAN_CONUS_300m_merged.tif,2021-09-12
2023-01-14,L20230082023014.L3m_7D_CYAN_CI_cyano_CYAN_CONUS_300m_merged.tif,2023-01-08
2023-10-14,L20232812023287.L3m_7D_CYAN_CI_cyano_CYAN_CONUS_300m_merged.tif,2023-10-08
2019-05-25,L20191392019145.L3m_7D_CYAN_CI_cyano_CYAN_CONUS_300m_merged.tif,2019-05-19
2011-01-08,M20110022011008.L3m_7D_CYAN_CI_cyano_CYAN_CONUS_300m_merged.tif,2011-01-02
2009-04-11,M20090952009101.L3m_7D_CYAN_CI_cyano_CYAN_CONUS_300m_merged.tif,2009-04-05
2022-03-19,L20220722022078.L3m_7D_CYAN_CI_cyano_CYAN_CONUS_300m_merged.tif,2022-03-13
2021-04-10,L20210942021100.L3m_7D_CYAN_CI_cyano_CYAN_CONUS_300m_merged.tif,2021-04-04
2024-11-02,L20243012024307.L3m_7D_CYAN_CI_cyano_CYAN_CONUS_300m_merged.tif,2024-10-27
2021-10-30,L20212972021303.L3m_7D_CYAN_CI_cyano_CYAN_CONUS_300m_merged.tif,2021-10-24
2023-02-04,L20230292023035.L3m_7D_CYAN_CI_cyano_CYAN_CONUS_300m_merged.tif,2023-01-29
2024-06-15,L20241612024167.L3m_7D_CYAN_CI_cyano_CYAN_CONUS_300m_merged.tif,2024-06-09
2020-09-26,L20202642020270.L3m_7D_CYAN_CI_cyano_CYAN_CONUS_300m_merged.tif,2020-09-20
2010-04-10,M20100942010100.L3m_7D_CYAN_CI_cyano_CYAN_CONUS_300m_merged.tif,2010-04-04
2024-06-08,L20241542024160.L3m_7D_CYAN_CI_cyano_CYAN_CONUS_300m_merged.tif,2024-06-02
2021-07-10,L20211852021191.L3m_7D_CYAN_CI_cyano_CYAN_CONUS_300m_merged.tif,2021-07-04
2021-05-29,L20211432021149.L3m_7D_CYAN_CI_cyano_CYAN_CONUS_300m_merged.tif,2021-05-23
2019-06-15,L20191602019166.L3m_7D_CYAN_CI_cyano_CYAN_CONUS_300m_merged.tif,2019-06-09
2010-04-03,M20100872010093.L3m_7D_CYAN_CI_cyano_CYAN_CONUS_300m_merged.tif,2010-03-28
2020-04-11,L20200962020102.L3m_7D_CYAN_CI_cyano_CYAN_CONUS_300m_merged.tif,2020-04-05
2008-03-01,M20080552008061.L3m_7D_CYAN_CI_cyano_CYAN_CONUS_300m_merged.tif,2008-02-24
2010-03-20,M20100732010079.L3m_7D_CYAN_CI_cyano_CYAN_CONUS_300m_merged.tif,2010-03-14
2023-11-11,L20233092023315.L3m_7D_CYAN_CI_cyano_CYAN_CONUS_300m_merged.tif,2023-11-05
2023-07-15,L20231902023196.L3m_7D_CYAN_CI_cyano_CYAN_CONUS_300m_merged.tif,2023-07-09
2011-09-17,M20112542011260.L3m_7D_CYAN_CI_cyano_CYAN_CONUS_300m_merged.tif,2011-09-11
2016-06-25,L20161712016177.L3m_7D_CYAN_CI_cyano_CYAN_CONUS_300m_merged.tif,2016-06-19
2009-08-08,M20092142009220.L3m_7D_CYAN_CI_cyano_CYAN_CONUS_300m_merged.tif,2009-08-02
2009-11-21,M20093192009325.L3m_7D_CYAN_CI_cyano_CYAN_CONUS_300m_merged.tif,2009-11-15
2018-02-10,L20180352018041.L3m_7D_CYAN_CI_cyano_CYAN_CONUS_300m_merged.tif,2018-02-04
2021-05-22,L20211362021142.L3m_7D_CYAN_CI_cyano_CYAN_CONUS_300m_merged.tif,2021-05-16
2011-12-10,M20113382011344.L3m_7D_CYAN_CI_cyano_CYAN_CONUS_300m_merged.tif,2011-12-04
2008-05-17,M20081322008138.L3m_7D_CYAN_CI_cyano_CYAN_CONUS_300m_merged.tif,2008-05-11
2012-03-03,M20120572012063.L3m_7D_CYAN_CI_cyano_CYAN_CONUS_300m_merged.tif,2012-02-26
2017-09-02,L20172392017245.L3m_7D_CYAN_CI_cyano_CYAN_CONUS_300m_merged.tif,2017-08-27
2020-06-20,L20201662020172.L3m_7D_CYAN_CI_cyano_CYAN_CONUS_300m_merged.tif,2020-06-14
2020-11-28,L20203272020333.L3m_7D_CYAN_CI_cyano_CYAN_CONUS_300m_merged.tif,2020-11-22
2024-04-20,L20241052024111.L3m_7D_CYAN_CI_cyano_CYAN_CONUS_300m_merged.tif,2024-04-14
2022-06-18,L20221632022169.L3m_7D_CYAN_CI_cyano_CYAN_CONUS_300m_merged.tif,2022-06-12
2022-11-12,L20223102022316.L3m_7D_CYAN_CI_cyano_CYAN_CONUS_300m_merged.tif,2022-11-06
2011-11-26,M20113242011330.L3m_7D_CYAN_CI_cyano_CYAN_CONUS_300m_merged.tif,2011-11-20
2010-12-11,M20103392010345.L3m_7D_CYAN_CI_cyano_CYAN_CONUS_300m_merged.tif,2010-12-05
2011-01-15,M20110092011015.L3m_7D_CYAN_CI_cyano_CYAN_CONUS_300m_merged.tif,2011-01-09
2022-07-09,L20221842022190.L3m_7D_CYAN_CI_cyano_CYAN_CONUS_300m_merged.tif,2022-07-03
2010-01-02,M20093612010002.L3m_7D_CYAN_CI_cyano_CYAN_CONUS_300m_merged.tif,2009-12-27
2021-06-05,L20211502021156.L3m_7D_CYAN_CI_cyano_CYAN_CONUS_300m_merged.tif,2021-05-30
2021-05-08,L20211222021128.L3m_7D_CYAN_CI_cyano_CYAN_CONUS_300m_merged.tif,2021-05-02
2020-08-08,L20202152020221.L3m_7D_CYAN_CI_cyano_CYAN_CONUS_300m_merged.tif,2020-08-02
2021-10-09,L20212762021282.L3m_7D_CYAN_CI_cyano_CYAN_CONUS_300m_merged.tif,2021-10-03
2020-07-25,L20202012020207.L3m_7D_CYAN_CI_cyano_CYAN_CONUS_300m_merged.tif,2020-07-19
2010-01-09,M20100032010009.L3m_7D_CYAN_CI_cyano_CYAN_CONUS_300m_merged.tif,2010-01-03
2012-03-24,M20120782012084.L3m_7D_CYAN_CI_cyano_CYAN_CONUS_300m_merged.tif,2012-03-18
2020-05-30,L20201452020151.L3m_7D_CYAN_CI_cyano_CYAN_CONUS_300m_merged.tif,2020-05-24
2010-05-08,M20101222010128.L3m_7D_CYAN_CI_cyano_CYAN_CONUS_300m_merged.tif,2010-05-02
2009-08-22,M20092282009234.L3m_7D_CYAN_CI_cyano_CYAN_CONUS_300m_merged.tif,2009-08-16
2024-04-27,L20241122024118.L3m_7D_CYAN_CI_cyano_CYAN_CONUS_300m_merged.tif,2024-04-21
2024-03-30,L20240842024090.L3m_7D_CYAN_CI_cyano_CYAN_CONUS_300m_merged.tif,2024-03-24
2010-10-02,M20102692010275.L3m_7D_CYAN_CI_cyano_CYAN_CONUS_300m_merged.tif,2010-09-26
2011-04-02,M20110862011092.L3m_7D_CYAN_CI_cyano_CYAN_CONUS_300m_merged.tif,2011-03-27
2010-11-27,M20103252010331.L3m_7D_CYAN_CI_cyano_CYAN_CONUS_300m_merged.tif,2010-11-21
2011-04-09,M20110932011099.L3m_7D_CYAN_CI_cyano_CYAN_CONUS_300m_merged.tif,2011-04-03
2020-12-19,L20203482020354.L3m_7D_CYAN_CI_cyano_CYAN_CONUS_300m_merged.tif,2020-12-13
2020-09-19,L20202572020263.L3m_7D_CYAN_CI_cyano_CYAN_CONUS_300m_merged.tif,2020-09-13
2022-05-07,L20221212022127.L3m_7D_CYAN_CI_cyano_CYAN_CONUS_300m_merged.tif,2022-05-01
2021-07-17,L20211922021198.L3m_7D_CYAN_CI_cyano_CYAN_CONUS_300m_merged.tif,2021-07-11
2024-06-01,L20241472024153.L3m_7D_CYAN_CI_cyano_CYAN_CONUS_300m_merged.tif,2024-05-26
2008-04-12,M20080972008103.L3m_7D_CYAN_CI_cyano_CYAN_CONUS_300m_merged.tif,2008-04-06
2011-02-19,M20110442011050.L3m_7D_CYAN_CI_cyano_CYAN_CONUS_300m_merged.tif,2011-02-13
2020-07-11,L20201872020193.L3m_7D_CYAN_CI_cyano_CYAN_CONUS_300m_merged.tif,2020-07-05
2022-03-26,L20220792022085.L3m_7D_CYAN_CI_cyano_CYAN_CONUS_300m_merged.tif,2022-03-20
2019-02-23,L20190482019054.L3m_7D_CYAN_CI_cyano_CYAN_CONUS_300m_merged.tif,2019-02-17
2021-01-02,L20203622021002.L3m_7D_CYAN_CI_cyano_CYAN_CONUS_300m_merged.tif,2020-12-27
2008-05-10,M20081252008131.L3m_7D_CYAN_CI_cyano_CYAN_CONUS_300m_merged.tif,2008-05-04
2011-11-19,M20113172011323.L3m_7D_CYAN_CI_cyano_CYAN_CONUS_300m_merged.tif,2011-11-13
2008-08-09,M20082162008222.L3m_7D_CYAN_CI_cyano_CYAN_CONUS_300m_merged.tif,2008-08-03
2016-10-01,L20162692016275.L3m_7D_CYAN_CI_cyano_CYAN_CONUS_300m_merged.tif,2016-09-25
2019-04-06,L20190902019096.L3m_7D_CYAN_CI_cyano_CYAN_CONUS_300m_merged.tif,2019-03-31
2010-06-19,M20101642010170.L3m_7D_CYAN_CI_cyano_CYAN_CONUS_300m_merged.tif,2010-06-13
2023-12-16,L20233442023350.L3m_7D_CYAN_CI_cyano_CYAN_CONUS_300m_merged.tif,2023-12-10
2018-06-09,L20181542018160.L3m_7D_CYAN_CI_cyano_CYAN_CONUS_300m_merged.tif,2018-06-03
2017-08-05,L20172112017217.L3m_7D_CYAN_CI_cyano_CYAN_CONUS_300m_merged.tif,2017-07-30
2018-02-17,L20180422018048.L3m_7D_CYAN_CI_cyano_CYAN_CONUS_300m_merged.tif,2018-02-11
2023-06-03,L20231482023154.L3m_7D_CYAN_CI_cyano_CYAN_CONUS_300m_merged.tif,2023-05-28
2019-09-28,L20192652019271.L3m_7D_CYAN_CI_cyano_CYAN_CONUS_300m_merged.tif,2019-09-22
2009-07-04,M20091792009185.L3m_7D_CYAN_CI_cyano_CYAN_CONUS_300m_merged.tif,2009-06-28
2009-05-16,M20091302009136.L3m_7D_CYAN_CI_cyano_CYAN_CONUS_300m_merged.tif,2009-05-10
2018-02-24,L20180492018055.L3m_7D_CYAN_CI_cyano_CYAN_CONUS_300m_merged.tif,2018-02-18
2009-02-07,M20090322009038.L3m_7D_CYAN_CI_cyano_CYAN_CONUS_300m_merged.tif,2009-02-01
2018-05-12,L20181262018132.L3m_7D_CYAN_CI_cyano_CYAN_CONUS_300m_merged.tif,2018-05-06
2008-01-12,M20080062008012.L3m_7D_CYAN_CI_cyano_CYAN_CONUS_300m_merged.tif,2008-01-06
2017-11-11,L20173092017315.L3m_7D_CYAN_CI_cyano_CYAN_CONUS_300m_merged.tif,2017-11-05
2019-01-05,L20183642019005.L3m_7D_CYAN_CI_cyano_CYAN_CONUS_300m_merged.tif,2018-12-30
2011-02-05,M20110302011036.L3m_7D_CYAN_CI_cyano_CYAN_CONUS_300m_merged.tif,2011-01-30
2020-10-03,L20202712020277.L3m_7D_CYAN_CI_cyano_CYAN_CONUS_300m_merged.tif,2020-09-27
2024-09-28,L20242662024272.L3m_7D_CYAN_CI_cyano_CYAN_CONUS_300m_merged.tif,2024-09-22
2010-12-18,M20103462010352.L3m_7D_CYAN_CI_cyano_CYAN_CONUS_300m_merged.tif,2010-12-12
2024-02-03,L20240282024034.L3m_7D_CYAN_CI_cyano_CYAN_CONUS_300m_merged.tif,2024-01-28
2017-09-16,L20172532017259.L3m_7D_CYAN_CI_cyano_CYAN_CONUS_300m_merged.tif,2017-09-10
2008-02-23,M20080482008054.L3m_7D_CYAN_CI_cyano_CYAN_CONUS_300m_merged.tif,2008-02-17
2023-08-19,L20232252023231.L3m_7D_CYAN_CI_cyano_CYAN_CONUS_300m_merged.tif,2023-08-13
2023-08-26,L20232322023238.L3m_7D_CYAN_CI_cyano_CYAN_CONUS_300m_merged.tif,2023-08-20
2024-05-25,L20241402024146.L3m_7D_CYAN_CI_cyano_CYAN_CONUS_300m_merged.tif,2024-05-19
2023-10-21,L20232882023294.L3m_7D_CYAN_CI_cyano_CYAN_CONUS_300m_merged.tif,2023-10-15
2020-03-07,L20200612020067.L3m_7D_CYAN_CI_cyano_CYAN_CONUS_300m_merged.tif,2020-03-01
2022-11-05,L20223032022309.L3m_7D_CYAN_CI_cyano_CYAN_CONUS_300m_merged.tif,2022-10-30
2011-05-07,M20111212011127.L3m_7D_CYAN_CI_cyano_CYAN_CONUS_300m_merged.tif,2011-05-01
2016-12-03,L20163322016338.L3m_7D_CYAN_CI_cyano_CYAN_CONUS_300m_merged.tif,2016-11-27
2021-03-27,L20210802021086.L3m_7D_CYAN_CI_cyano_CYAN_CONUS_300m_merged.tif,2021-03-21
2020-10-10,L20202782020284.L3m_7D_CYAN_CI_cyano_CYAN_CONUS_300m_merged.tif,2020-10-04
2023-09-23,L20232602023266.L3m_7D_CYAN_CI_cyano_CYAN_CONUS_300m_merged.tif,2023-09-17
2010-01-30,M20100242010030.L3m_7D_CYAN_CI_cyano_CYAN_CONUS_300m_merged.tif,2010-01-24
2024-08-31,L20242382024244.L3m_7D_CYAN_CI_cyano_CYAN_CONUS_300m_merged.tif,2024-08-25
2011-01-22,M20110162011022.L3m_7D_CYAN_CI_cyano_CYAN_CONUS_300m_merged.tif,2011-01-16
2018-03-17,L20180702018076.L3m_7D_CYAN_CI_cyano_CYAN_CONUS_300m_merged.tif,2018-03-11
2008-05-24,M20081392008145.L3m_7D_CYAN_CI_cyano_CYAN_CONUS_300m_merged.tif,2008-05-18
2019-11-02,L20193002019306.L3m_7D_CYAN_CI_cyano_CYAN_CONUS_300m_merged.tif,2019-10-27
2023-09-02,L20232392023245.L3m_7D_CYAN_CI_cyano_CYAN_CONUS_300m_merged.tif,2023-08-27
2010-09-18,M20102552010261.L3m_7D_CYAN_CI_cyano_CYAN_CONUS_300m_merged.tif,2010-09-12
2017-12-30,L20173582017364.L3m_7D_CYAN_CI_cyano_CYAN_CONUS_300m_merged.tif,2017-12-24
2021-02-20,L20210452021051.L3m_7D_CYAN_CI_cyano_CYAN_CONUS_300m_merged.tif,2021-02-14
2017-04-29,L20171132017119.L3m_7D_CYAN_CI_cyano_CYAN_CONUS_300m_merged.tif,2017-04-23
2022-08-13,L20222192022225.L3m_7D_CYAN_CI_cyano_CYAN_CONUS_300m_merged.tif,2022-08-07
2022-12-10,L20223382022344.L3m_7D_CYAN_CI_cyano_CYAN_CONUS_300m_merged.tif,2022-12-04
2008-09-27,M20082652008271.L3m_7D_CYAN_CI_cyano_CYAN_CONUS_300m_merged.tif,2008-09-21
2018-03-24,L20180772018083.L3m_7D_CYAN_CI_cyano_CYAN_CONUS_300m_merged.tif,2018-03-18
2023-05-13,L20231272023133.L3m_7D_CYAN_CI_cyano_CYAN_CONUS_300m_merged.tif,2023-05-07
2024-02-17,L20240422024048.L3m_7D_CYAN_CI_cyano_CYAN_CONUS_300m_merged.tif,2024-02-11
2019-05-11,L20191252019131.L3m_7D_CYAN_CI_cyano_CYAN_CONUS_300m_merged.tif,2019-05-05
2018-09-08,L20182452018251.L3m_7D_CYAN_CI_cyano_CYAN_CONUS_300m_merged.tif,2018-09-02
2017-07-29,L20172042017210.L3m_7D_CYAN_CI_cyano_CYAN_CONUS_300m_merged.tif,2017-07-23
2011-01-29,M20110232011029.L3m_7D_CYAN_CI_cyano_CYAN_CONUS_300m_merged.tif,2011-01-23
2020-05-23,L20201382020144.L3m_7D_CYAN_CI_cyano_CYAN_CONUS_300m_merged.tif,2020-05-17
2020-03-28,L20200822020088.L3m_7D_CYAN_CI_cyano_CYAN_CONUS_300m_merged.tif,2020-03-22
2019-03-02,L20190552019061.L3m_7D_CYAN_CI_cyano_CYAN_CONUS_300m_merged.tif,2019-02-24
2008-03-22,M20080762008082.L3m_7D_CYAN_CI_cyano_CYAN_CONUS_300m_merged.tif,2008-03-16
2012-03-10,M20120642012070.L3m_7D_CYAN_CI_cyano_CYAN_CONUS_300m_merged.tif,2012-03-04
2017-06-10,L20171552017161.L3m_7D_CYAN_CI_cyano_CYAN_CONUS_300m_merged.tif,2017-06-04
2016-05-21,L20161362016142.L3m_7D_CYAN_CI_cyano_CYAN_CONUS_300m_merged.tif,2016-05-15
2021-01-30,L20210242021030.L3m_7D_CYAN_CI_cyano_CYAN_CONUS_300m_merged.tif,2021-01-24
2018-01-06,L20173652018006.L3m_7D_CYAN_CI_cyano_CYAN_CONUS_300m_merged.tif,2017-12-31
2011-03-26,M20110792011085.L3m_7D_CYAN_CI_cyano_CYAN_CONUS_300m_merged.tif,2011-03-20
2020-03-14,L20200682020074.L3m_7D_CYAN_CI_cyano_CYAN_CONUS_300m_merged.tif,2020-03-08
2009-06-20,M20091652009171.L3m_7D_CYAN_CI_cyano_CYAN_CONUS_300m_merged.tif,2009-06-14
2012-04-07,M20120922012098.L3m_7D_CYAN_CI_cyano_CYAN_CONUS_300m_merged.tif,2012-04-01
2018-10-06,L20182732018279.L3m_7D_CYAN_CI_cyano_CYAN_CONUS_300m_merged.tif,2018-09-30
2018-11-03,L20183012018307.L3m_7D_CYAN_CI_cyano_CYAN_CONUS_300m_merged.tif,2018-10-28
2016-12-31,L20163602016366.L3m_7D_CYAN_CI_cyano_CYAN_CONUS_300m_merged.tif,2016-12-25
2017-01-07,L20170012017007.L3m_7D_CYAN_CI_cyano_CYAN_CONUS_300m_merged.tif,2017-01-01
2023-02-25,L20230502023056.L3m_7D_CYAN_CI_cyano_CYAN_CONUS_300m_merged.tif,2023-02-19
2018-05-26,L20181402018146.L3m_7D_CYAN_CI_cyano_CYAN_CONUS_300m_merged.tif,2018-05-20
2021-10-23,L20212902021296.L3m_7D_CYAN_CI_cyano_CYAN_CONUS_300m_merged.tif,2021-10-17
2011-05-28,M20111422011148.L3m_7D_CYAN_CI_cyano_CYAN_CONUS_300m_merged.tif,2011-05-22
2023-12-30,L20233582023364.L3m_7D_CYAN_CI_cyano_CYAN_CONUS_300m_merged.tif,2023-12-24
2011-08-20,M20112262011232.L3m_7D_CYAN_CI_cyano_CYAN_CONUS_300m_merged.tif,2011-08-14
2016-10-15,L20162832016289.L3m_7D_CYAN_CI_cyano_CYAN_CONUS_300m_merged.tif,2016-10-09
2018-09-22,L20182592018265.L3m_7D_CYAN_CI_cyano_CYAN_CONUS_300m_merged.tif,2018-09-16
2016-09-10,L20162482016254.L3m_7D_CYAN_CI_cyano_CYAN_CONUS_300m_merged.tif,2016-09-04
2017-05-27,L20171412017147.L3m_7D_CYAN_CI_cyano_CYAN_CONUS_300m_merged.tif,2017-05-21
2021-11-27,L20213252021331.L3m_7D_CYAN_CI_cyano_CYAN_CONUS_300m_merged.tif,2021-11-21
2023-03-11,L20230642023070.L3m_7D_CYAN_CI_cyano_CYAN_CONUS_300m_merged.tif,2023-03-05
2021-06-12,L20211572021163.L3m_7D_CYAN_CI_cyano_CYAN_CONUS_300m_merged.tif,2021-06-06
2019-10-05,L20192722019278.L3m_7D_CYAN_CI_cyano_CYAN_CONUS_300m_merged.tif,2019-09-29
2024-06-29,L20241752024181.L3m_7D_CYAN_CI_cyano_CYAN_CONUS_300m_merged.tif,2024-06-23
2010-09-04,M20102412010247.L3m_7D_CYAN_CI_cyano_CYAN_CONUS_300m_merged.tif,2010-08-29
2018-12-22,L20183502018356.L3m_7D_CYAN_CI_cyano_CYAN_CONUS_300m_merged.tif,2018-12-16
2011-07-02,M20111772011183.L3m_7D_CYAN_CI_cyano_CYAN_CONUS_300m_merged.tif,2011-06-26
2021-11-20,L20213182021324.L3m_7D_CYAN_CI_cyano_CYAN_CONUS_300m_merged.tif,2021-11-14
2021-10-16,L20212832021289.L3m_7D_CYAN_CI_cyano_CYAN_CONUS_300m_merged.tif,2021-10-10
2008-09-20,M20082582008264.L3m_7D_CYAN_CI_cyano_CYAN_CONUS_300m_merged.tif,2008-09-14
2019-05-18,L20191322019138.L3m_7D_CYAN_CI_cyano_CYAN_CONUS_300m_merged.tif,2019-05-12
2020-08-01,L20202082020214.L3m_7D_CYAN_CI_cyano_CYAN_CONUS_300m_merged.tif,2020-07-26
2018-04-28,L20181122018118.L3m_7D_CYAN_CI_cyano_CYAN_CONUS_300m_merged.tif,2018-04-22
2017-02-25,L20170502017056.L3m_7D_CYAN_CI_cyano_CYAN_CONUS_300m_merged.tif,2017-02-19
2022-02-26,L20220512022057.L3m_7D_CYAN_CI_cyano_CYAN_CONUS_300m_merged.tif,2022-02-20
2023-08-05,L20232112023217.L3m_7D_CYAN_CI_cyano_CYAN_CONUS_300m_merged.tif,2023-07-30
2018-03-03,L20180562018062.L3m_7D_CYAN_CI_cyano_CYAN_CONUS_300m_merged.tif,2018-02-25
2023-02-11,L20230362023042.L3m_7D_CYAN_CI_cyano_CYAN_CONUS_300m_merged.tif,2023-02-05
2017-02-11,L20170362017042.L3m_7D_CYAN_CI_cyano_CYAN_CONUS_300m_merged.tif,2017-02-05
2021-07-31,L20212062021212.L3m_7D_CYAN_CI_cyano_CYAN_CONUS_300m_merged.tif,2021-07-25
2023-07-22,L20231972023203.L3m_7D_CYAN_CI_cyano_CYAN_CONUS_300m_merged.tif,2023-07-16
2020-09-05,L20202432020249.L3m_7D_CYAN_CI_cyano_CYAN_CONUS_300m_merged.tif,2020-08-30
2016-07-23,L20161992016205.L3m_7D_CYAN_CI_cyano_CYAN_CONUS_300m_merged.tif,2016-07-17
2018-08-25,L20182312018237.L3m_7D_CYAN_CI_cyano_CYAN_CONUS_300m_merged.tif,2018-08-19
2011-11-05,M20113032011309.L3m_7D_CYAN_CI_cyano_CYAN_CONUS_300m_merged.tif,2011-10-30
2017-07-01,L20171762017182.L3m_7D_CYAN_CI_cyano_CYAN_CONUS_300m_merged.tif,2017-06-25
2016-07-30,L20162062016212.L3m_7D_CYAN_CI_cyano_CYAN_CONUS_300m_merged.tif,2016-07-24
2019-01-12,L20190062019012.L3m_7D_CYAN_CI_cyano_CYAN_CONUS_300m_merged.tif,2019-01-06
2018-08-04,L20182102018216.L3m_7D_CYAN_CI_cyano_CYAN_CONUS_300m_merged.tif,2018-07-29
2008-03-15,M20080692008075.L3m_7D_CYAN_CI_cyano_CYAN_CONUS_300m_merged.tif,2008-03-09
